mobile	mean	sdev	low	high	sum	n
no	-29180.0171771188	46462.4397928974	-62005	460160	-180069886	6171
yes	150638.991603694	153253.092361907	-62005	579500	179411039	1191
unknown	43927.8666666667	113960.38845197	-61094	333262	658918	15
